Numéro de la cellule,Centre de la cellule,Surface
1,"(57.78827361563518, 39.42410423452769)",1535
2,"(138.75902004454343, 67.55723830734966)",2245
3,"(228.31483496554225, 159.4570184983678)",2757
4,"(17.8107202680067, 158.47403685092127)",1194
5,"(87.54123711340206, 153.24278350515465)",1940
6,"(178.4858223062382, 324.55671077504724)",1058
7,"(227.07535121328226, 362.1392081736909)",783
8,"(131.08048289738431, 401.1579476861167)",994
9,"(712.4738067520373, 412.12747380675205)",1718
10,"(191.55281090289608, 430.3833049403748)",1174
11,"(385.3885542168675, 442.7808734939759)",1328
12,"(464.2167606768735, 451.9959709911362)",1241
13,"(564.7456843403206, 489.38995067817507)",3244
14,"(60.096802074330164, 475.96888504753673)",1157
15,"(445.0593569661995, 512.8549051937346)",1213
16,"(498.1435239206534, 586.5787631271878)",857
17,"(741.5690607734807, 611.3580110497237)",905
18,"(593.0115350488021, 620.3531499556344)",1127
19,"(798.4149443561208, 612.2209856915739)",629
20,"(434.0, 602.0)",25
21,"(474.14065934065934, 622.6307692307693)",910
22,"(73.19730510105872, 642.5274302213667)",1039
23,"(680.9897959183673, 706.2755102040817)",196
24,"(768.0714285714286, 730.8282172373082)",1694
25,"(102.67056323060574, 740.1880977683315)",941
26,"(851.0885264997088, 769.5521258008154)",1717
27,"(194.17492984097288, 778.1403180542563)",1069
28,"(699.4165232358004, 803.8525530694205)",1743
29,"(104.0023282887078, 838.0500582072177)",859
30,"(773.0350492880614, 884.828039430449)",913
31,"(465.0241789967521, 906.854565138939)",2771
32,"(95.18, 893.8688888888889)",900
33,"(844.1568088033013, 913.6726272352132)",727
34,"(645.7266055045872, 932.6733944954128)",1090
35,"(127.0, 934.0555555555555)",162
36,"(725.4254498714653, 973.4807197943445)",778
37,"(19.938091769847052, 980.8237436270939)",1373
38,"(868.6400651465798, 984.4918566775244)",614
1,"(56.4470509383378, 37.75201072386059)",1492
2,"(138.30181979582778, 66.41455836662229)",2253
3,"(224.42950581395348, 156.39425872093022)",2752
4,"(16.09090909090909, 156.67909090909092)",1100
5,"(87.3403720462544, 150.5761689291101)",1989
6,"(178.1054104477612, 321.64179104477614)",1072
7,"(226.64194373401534, 360.3081841432225)",782
8,"(713.2456140350877, 409.2360446570973)",1881
9,"(129.08639523336643, 401.50347567030786)",1007
10,"(190.675, 430.2133928571429)",1120
11,"(384.0744601638124, 441.8354430379747)",1343
12,"(464.60893854748605, 450.0399042298484)",1253
13,"(565.1670724284845, 486.8761412051126)",3286
14,"(59.09918032786885, 471.4139344262295)",1220
15,"(449.10499139414804, 510.5671256454389)",1162
16,"(498.52797202797206, 584.7902097902098)",858
17,"(740.8076923076923, 609.3031674208145)",884
18,"(793.7107843137255, 605.9362745098039)",612
19,"(592.0296684118674, 619.1221640488657)",1146
20,"(432.1475409836066, 601.0491803278688)",61
21,"(479.9138613861386, 620.3079207920792)",1010
22,"(67.325, 637.323)",1000
23,"(678.7399103139013, 706.0807174887892)",223
24,"(766.8721986674742, 728.7589339794064)",1651
25,"(103.8936170212766, 738.1808510638298)",940
26,"(852.2076344707924, 770.9705031810295)",1729
27,"(192.5468895078923, 775.0779944289693)",1077
28,"(699.8790810157195, 801.0229746070133)",1654
29,"(104.35491329479768, 836.5421965317919)",865
30,"(772.2883977900552, 883.0685082872928)",905
31,"(462.09117221418234, 903.9157018813314)",2764
32,"(95.39400665926748, 890.8712541620422)",901
33,"(843.4886515353805, 911.0894526034713)",749
34,"(644.7747502270663, 930.4050862851952)",1101
35,"(129.1219512195122, 930.1414634146341)",205
36,"(725.457627118644, 973.910411622276)",826
37,"(19.78359908883827, 980.3295368261199)",1317
38,"(867.6938110749186, 983.1026058631921)",614
39,"(742.0, 1022.0)",27
1,"(56.00402414486921, 37.2280348759222)",1491
2,"(137.60260869565218, 66.79521739130435)",2300
3,"(222.46094609460945, 156.02530253025301)",2727
4,"(15.399257195914577, 156.30362116991643)",1077
5,"(87.37012658227849, 151.70632911392406)",1975
6,"(177.8359303391384, 319.8469294225481)",1091
7,"(226.4025316455696, 360.72911392405064)",790
8,"(713.3045092838196, 407.4339522546419)",1885
9,"(127.83883883883884, 402.9159159159159)",999
10,"(189.90616854908774, 431.5829713292789)",1151
11,"(383.7075332348597, 442.66912850812406)",1354
12,"(565.3877551020408, 485.81663113006397)",3283
13,"(464.9739714525609, 450.7951301427372)",1191
14,"(59.09015025041736, 469.75542570951586)",1198
15,"(453.70376301040835, 508.38911128903123)",1249
16,"(497.66396292004634, 583.657010428737)",863
17,"(790.1003134796239, 603.2554858934169)",638
18,"(592.2941176470588, 617.7680672268907)",1190
19,"(738.54802259887, 609.1401129943503)",885
20,"(441.9268292682927, 598.560975609756)",41
21,"(484.2814885496183, 619.1011450381679)",1048
22,"(65.66531850353893, 636.4529828109202)",989
23,"(767.3258160237389, 727.206528189911)",1685
24,"(677.0487804878048, 705.0487804878048)",164
25,"(104.44758909853249, 737.5482180293501)",954
26,"(851.1508791832105, 771.2087351106069)",1763
27,"(191.69677419354838, 773.126267281106)",1085
28,"(700.0656534954408, 802.0085106382978)",1645
29,"(106.43493552168816, 836.8112543962485)",853
30,"(771.6047774158524, 884.3821932681867)",921
31,"(459.93345195729535, 899.0153024911032)",2810
32,"(97.27850877192982, 888.5975877192982)",912
33,"(843.8679245283018, 909.8396226415094)",742
34,"(643.6825672159583, 929.3564614050304)",1153
35,"(131.01069518716577, 933.7967914438502)",187
36,"(728.9643734643735, 971.3820638820639)",814
37,"(19.150336574420344, 980.4293193717277)",1337
38,"(867.6925465838509, 984.3369565217391)",644
39,"(743.0, 1022.0)",21
1,"(57.40649867374005, 36.60610079575597)",1508
2,"(140.02430846605196, 64.84534786253144)",2386
3,"(221.99256637168142, 156.59964601769911)",2825
4,"(15.974182444061961, 154.8235800344234)",1162
5,"(89.569573283859, 153.08163265306123)",2156
6,"(179.20545454545456, 319.19363636363636)",1100
7,"(227.4249684741488, 359.94451450189155)",793
8,"(714.8078310149408, 399.32251416795464)",1941
9,"(128.49308300395256, 407.0622529644269)",1012
10,"(190.484219269103, 432.1594684385382)",1204
11,"(384.51317715959004, 443.0614934114202)",1366
12,"(567.2637770897833, 482.6888544891641)",3230
13,"(467.7444089456869, 450.8985623003195)",1252
14,"(60.69794238683127, 466.73251028806584)",1215
15,"(457.56039009752436, 507.58514628657167)",1333
16,"(495.8972972972973, 582.3405405405406)",925
17,"(789.9438377535101, 601.0951638065523)",641
18,"(591.4508670520231, 617.6036333608588)",1211
19,"(736.3610798650169, 608.2935883014624)",889
20,"(448.0, 597.5)",64
21,"(486.8678733031674, 617.7954751131222)",1105
22,"(61.72903885480573, 635.0674846625767)",978
23,"(675.9371428571428, 703.9314285714286)",175
24,"(767.7275485436893, 726.3574029126214)",1648
25,"(105.61846153846155, 737.3374358974359)",975
26,"(847.239179954442, 767.1554669703872)",1756
27,"(192.83686635944701, 771.4682027649769)",1085
28,"(700.4132132132132, 803.1735735735735)",1665
29,"(109.47045191193511, 836.6871378910777)",863
30,"(772.1118881118881, 883.8881118881119)",1001
31,"(461.50999310820123, 896.2164024810476)",2902
32,"(99.10160427807487, 887.1026737967915)",935
33,"(844.0278128950696, 909.5638432364096)",791
34,"(644.662660944206, 929.381974248927)",1165
35,"(131.92125984251967, 935.1850393700787)",254
36,"(729.2215422276622, 969.4320685434517)",817
37,"(19.73436401967674, 979.4033731553056)",1423
38,"(867.6443148688047, 986.5233236151604)",686
39,"(745.0, 1022.0)",27
1,"(59.011273209549074, 34.35344827586207)",1508
2,"(140.73833757421545, 65.45759117896523)",2358
3,"(16.14567266495287, 153.89974293059126)",1167
4,"(223.2114835948645, 158.41369472182598)",2804
5,"(89.48984526112186, 151.8404255319149)",2068
6,"(179.76360225140712, 319.2917448405253)",1066
7,"(228.60896637608965, 359.30759651307596)",803
8,"(714.6730669434354, 389.1022314478464)",1927
9,"(126.85545722713864, 408.086529006883)",1017
10,"(191.21964285714284, 431.36875)",1120
11,"(384.57894736842104, 442.4607287449393)",1235
12,"(564.7724867724868, 454.2387566137566)",1512
13,"(466.94449188727583, 451.9666951323655)",1171
14,"(60.34324553950722, 464.85471537807985)",1177
15,"(573.5158227848101, 505.6835443037975)",1580
16,"(457.1812244897959, 505.9779591836735)",1225
17,"(491.0887705281846, 600.8597425654683)",2253
18,"(789.5961844197138, 600.1192368839428)",629
19,"(591.929203539823, 617.2141592920354)",1130
20,"(735.0841013824885, 609.4032258064516)",868
21,"(447.57142857142856, 596.5714285714286)",35
22,"(58.27116935483871, 633.5907258064516)",992
23,"(672.8387096774194, 702.9612903225807)",155
24,"(767.5269499048827, 728.28027901078)",1577
25,"(105.57608695652173, 737.4815217391305)",920
26,"(840.0446271285966, 762.271873165003)",1703
27,"(193.10800744878958, 771.6061452513967)",1074
28,"(699.9067524115756, 803.7755627009647)",1555
29,"(112.80023640661939, 836.8144208037825)",846
30,"(774.1607347876004, 883.6854190585534)",871
31,"(461.5928698752228, 893.7632798573975)",2805
32,"(99.41325966850829, 886.2243093922652)",905
33,"(844.8605633802817, 912.1732394366197)",710
34,"(645.725625539258, 929.5573770491803)",1159
35,"(133.5, 936.0)",40
36,"(729.2007822685789, 969.0938722294654)",767
37,"(20.145833333333332, 979.8915229885057)",1392
38,"(866.9234375, 988.6421875)",640
39,"(747.0, 1022.0)",27
1,"(57.88973868706182, 33.41236456341619)",1569
2,"(141.8256842105263, 64.96926315789473)",2375
3,"(222.99205252246026, 158.0)",2894
4,"(14.547094188376754, 151.49098196392785)",998
5,"(90.15269025690742, 150.82404265632573)",2063
6,"(180.4898336414048, 319.5536044362292)",1082
7,"(229.3399258343634, 358.84177997527814)",809
8,"(717.8722867238769, 373.6244321049975)",1981
9,"(125.82254901960785, 408.9774509803922)",1020
10,"(191.0579185520362, 431.5809954751131)",1105
11,"(385.2394822006473, 441.9765372168285)",1236
12,"(566.9114583333334, 449.7786458333333)",1536
13,"(468.0947459086994, 451.4935400516796)",1161
14,"(60.4180602006689, 464.01421404682276)",1196
15,"(572.5418994413408, 503.7219118559901)",1611
16,"(455.01389961389964, 505.44169884169884)",1295
17,"(493.3781553398058, 600.6970873786407)",2060
18,"(789.7756714060032, 600.4360189573459)",633
19,"(592.3071613459879, 615.4805867126834)",1159
20,"(735.5266594124048, 610.335146898803)",919
21,"(55.331758034026464, 633.8223062381852)",1058
22,"(671.3412698412699, 701.8333333333334)",126
23,"(767.3847125710676, 728.9671509791535)",1583
24,"(103.09575625680087, 738.4994559303591)",919
25,"(839.1814187068425, 755.6848713119899)",1593
26,"(193.1942379182156, 771.1171003717473)",1076
27,"(702.3253316487682, 802.6146557169931)",1583
28,"(114.70133010882708, 838.4087061668682)",827
29,"(461.5301204819277, 891.7774627923459)",2822
30,"(774.9447640966629, 883.9424626006904)",869
31,"(98.9582875960483, 886.9824368825466)",911
32,"(844.9537572254335, 912.6560693641618)",692
33,"(646.0327144120248, 930.1564986737401)",1131
34,"(733.1302083333334, 968.7018229166666)",768
35,"(21.546941678520625, 979.1948790896159)",1406
36,"(866.7399380804953, 988.7523219814242)",646
37,"(748.5, 1022.0)",18
1,"(58.28258064516129, 33.18967741935484)",1550
2,"(142.34664326458974, 65.98200965335674)",2279
3,"(11.718990120746433, 151.96048298572995)",911
4,"(219.7602189781022, 157.27846715328468)",2740
5,"(89.4510843373494, 152.43518072289157)",2075
6,"(179.524379024839, 322.3707451701932)",1087
7,"(230.29514321295144, 358.5031133250311)",803
8,"(718.8145207033466, 360.5842314237096)",1763
9,"(126.23025048169556, 409.3053949903661)",1038
10,"(190.4131736526946, 431.32249786142)",1169
11,"(385.67488076311605, 444.01589825119237)",1258
12,"(566.2277777777778, 451.16543209876545)",1620
13,"(467.9131474103586, 453.0310756972112)",1255
14,"(60.565, 466.6166666666667)",1200
15,"(571.1047337278106, 503.14497041420117)",1690
16,"(455.4462444771723, 505.5662739322533)",1358
17,"(493.5824493731919, 600.7902603664417)",2074
18,"(789.7397476340694, 601.4731861198738)",634
19,"(591.9508890770534, 616.934801016088)",1181
20,"(735.8833151581243, 611.8287895310796)",917
21,"(440.0, 596.0)",25
22,"(55.482697426796804, 635.9352262644188)",1127
23,"(670.7304964539007, 701.2836879432624)",141
24,"(766.4934445768772, 729.3855780691299)",1678
25,"(100.82863113897596, 739.1306165099269)",957
26,"(838.8596713021492, 755.0303413400759)",1582
27,"(195.13145965548503, 770.6183136899365)",1103
28,"(704.0034344590727, 803.1562678878076)",1747
29,"(118.69383003492433, 840.2176949941793)",859
30,"(772.1477885652642, 884.0560949298813)",927
31,"(462.41367637102235, 892.6289776574137)",2954
32,"(98.6504329004329, 889.9123376623377)",924
33,"(847.2547425474255, 916.4552845528456)",738
34,"(647.0017123287671, 931.8030821917808)",1168
35,"(733.0940892641737, 969.692400482509)",829
36,"(24.090262970859985, 979.6730632551528)",1407
37,"(867.2065040650407, 994.2975609756097)",615
38,"(298.04651162790697, 990.2325581395348)",129
1,"(58.27633289986996, 32.84265279583875)",1538
2,"(142.51862828111769, 65.28916172734971)",2362
3,"(12.157387580299785, 149.83404710920772)",934
4,"(219.7979797979798, 154.53152211772903)",2871
5,"(88.99809069212411, 151.3326968973747)",2095
6,"(178.96548507462686, 322.34235074626866)",1072
7,"(718.8715259570005, 354.37860513896175)",1907
8,"(230.4130702836005, 356.77188655980274)",811
9,"(125.40609636184857, 408.55948869223204)",1017
10,"(190.36307961504812, 430.1793525809274)",1143
11,"(385.5456039441249, 443.07888249794576)",1217
12,"(570.0279761904762, 475.1434523809524)",3360
13,"(468.8562596599691, 451.7921174652241)",1294
14,"(62.491497975708505, 466.32226720647776)",1235
15,"(455.47913561847986, 503.6758569299553)",1342
16,"(494.19283190307925, 599.2746087834427)",1981
17,"(789.9662379421222, 598.3424437299035)",622
18,"(593.1177489177489, 615.0640692640693)",1155
19,"(528.0, 595.0)",47
20,"(737.2345971563981, 612.0936018957347)",844
21,"(56.51631477927064, 635.1602687140115)",1042
22,"(671.1949685534591, 701.6729559748428)",159
23,"(766.5892537313433, 728.8979104477612)",1675
24,"(100.10475161987041, 738.0896328293736)",926
25,"(837.9596628537026, 754.944611679711)",1661
26,"(195.76654411764707, 768.7316176470588)",1088
27,"(704.443008225617, 803.3454759106933)",1702
28,"(122.41203703703704, 842.5069444444445)",864
29,"(771.4843945068665, 880.7141073657928)",801
30,"(463.2218297421406, 890.2575061815613)",2831
31,"(92.82560706401766, 896.3333333333334)",906
32,"(848.9338028169014, 913.9338028169014)",710
33,"(647.1907356948229, 930.3115349682107)",1101
34,"(733.9758269720102, 968.9173027989822)",786
35,"(24.223597960670066, 978.4989075018208)",1373
36,"(867.4400715563506, 994.2701252236136)",559
37,"(287.0, 998.0)",25
38,"(748.0, 1022.0)",21
1,"(57.439553219448094, 31.794349540078844)",1522
2,"(142.1187957689178, 64.86167615947925)",2458
3,"(218.35454859910067, 152.39916983742648)",2891
4,"(12.28, 149.75222222222223)",900
5,"(87.60925925925926, 151.01666666666668)",2160
6,"(179.10055865921788, 321.44227188081936)",1074
7,"(716.8688106176621, 345.51046452271567)",1959
8,"(230.05333333333334, 356.96363636363634)",825
9,"(123.00097943192948, 408.5954946131244)",1021
10,"(190.02389380530974, 429.2221238938053)",1130
11,"(570.2795899347624, 474.0838769804287)",3219
12,"(384.4038759689922, 443.46046511627907)",1290
13,"(467.51065509076557, 450.602999210734)",1267
14,"(63.752, 466.7488)",1250
15,"(456.3181126331811, 502.869101978691)",1314
16,"(494.2272952853598, 597.7995037220844)",2015
17,"(1021.5483870967741, 569.7258064516129)",62
18,"(789.8459069020867, 594.9646869983949)",623
19,"(591.092386655261, 614.7690333618477)",1169
20,"(736.59630911188, 611.8050749711649)",867
21,"(58.78917910447761, 635.3255597014926)",1072
22,"(671.7721518987341, 703.4620253164557)",158
23,"(766.1245593419507, 727.1339600470035)",1702
24,"(98.76914778856526, 736.3538295577131)",927
25,"(839.3388535031847, 759.5961783439491)",1570
26,"(194.71206581352834, 767.4862888482633)",1094
27,"(701.1864969562811, 802.907028223575)",1807
28,"(124.30952380952381, 843.0119047619048)",840
29,"(462.78915046059365, 888.9164107813033)",2931
30,"(768.0648769574944, 885.0078299776286)",894
31,"(84.6083608360836, 903.1375137513751)",909
32,"(845.0648734177215, 912.3892405063291)",632
33,"(643.9556344276841, 929.8642413487134)",1127
34,"(734.4709371293001, 967.4246737841044)",843
35,"(23.664776754075124, 978.6683203401843)",1411
36,"(865.3388554216867, 993.2138554216867)",664
37,"(747.0, 1021.625)",48
1,"(57.70592149035263, 32.84098469727212)",1503
2,"(142.83228840125392, 66.39380877742947)",2552
3,"(219.12753433616743, 152.58829300196206)",3058
4,"(12.277839029768467, 151.64939360529218)",907
5,"(87.19798350137489, 151.5013748854262)",2182
6,"(179.40896860986547, 323.81434977578476)",1115
7,"(717.3010256410256, 336.96)",1950
8,"(230.20541205412053, 358.3419434194342)",813
9,"(122.22766570605188, 409.447646493756)",1041
10,"(190.63644366197184, 430.79841549295776)",1136
11,"(574.7631763879128, 444.28952916373856)",1423
12,"(385.4402924451665, 446.6969943135662)",1231
13,"(468.9927360774818, 452.0524616626312)",1239
14,"(65.36777178103316, 467.9814957594449)",1297
15,"(569.4954184483812, 503.1111789859499)",1637
16,"(457.4133738601824, 503.70288753799394)",1316
17,"(494.429471643238, 599.7043141056713)",2063
18,"(1020.8888888888889, 574.468253968254)",126
19,"(790.7805642633228, 595.141065830721)",638
20,"(529.0, 592.0)",25
21,"(591.6570458404075, 615.7198641765705)",1178
22,"(736.8512585812357, 613.3077803203661)",874
23,"(63.34153543307087, 634.1102362204724)",1016
24,"(671.7916666666666, 709.2333333333333)",240
25,"(765.6856978085352, 729.2220299884659)",1734
26,"(97.68017524644031, 736.5980284775466)",913
27,"(197.05688073394495, 767.9)",1090
28,"(846.8380566801619, 768.2651821862348)",1482
29,"(698.3562775330397, 805.3672907488987)",1816
30,"(126.78224852071006, 841.9313609467456)",845
31,"(463.7268162035487, 890.2591228657516)",2987
32,"(770.8955555555556, 886.1088888888889)",900
33,"(843.8689320388349, 910.6618122977346)",618
34,"(79.80590238365494, 910.2485811577752)",881
35,"(643.9009725906278, 931.4862953138816)",1131
36,"(734.1849234393404, 967.9681978798586)",849
37,"(22.845885634588562, 980.9546722454672)",1434
38,"(862.7377049180328, 993.2116244411326)",671
39,"(296.7244094488189, 993.2440944881889)",127
40,"(746.5, 1022.0)",24
1,"(56.17215870880968, 32.36180228648285)",1487
2,"(141.9936533121777, 65.48988496628323)",2521
3,"(218.39444256184345, 148.2202643171806)",2951
4,"(10.4546553808948, 149.83192261185005)",827
5,"(87.0145388459791, 149.7510222626079)",2201
6,"(702.1137229987294, 306.66391359593393)",1574
7,"(178.04893238434164, 322.9181494661922)",1124
8,"(229.89397590361446, 356.39277108433737)",830
9,"(120.21006776379477, 407.9709583736689)",1033
10,"(189.41673783091375, 430.00341588385993)",1171
11,"(576.3266619013581, 442.4017155110793)",1399
12,"(385.91931540342296, 446.37734311328444)",1227
13,"(468.59771986970685, 451.38925081433223)",1228
14,"(63.67909867909868, 466.6037296037296)",1287
15,"(568.8982645122682, 504.3871932974267)",1671
16,"(457.642301710731, 504.31026438569205)",1286
17,"(495.22428419936375, 599.0)",1886
18,"(1021.6923076923077, 575.7692307692307)",39
19,"(790.8322580645162, 593.258064516129)",620
20,"(592.0972461273666, 614.7943201376936)",1162
21,"(736.332187857961, 611.4455899198167)",873
22,"(65.71556886227545, 634.7964071856287)",1002
23,"(676.2222222222222, 704.925925925926)",162
24,"(764.7244655581948, 728.1543942992874)",1684
25,"(99.12227074235808, 735.8689956331878)",916
26,"(197.72131147540983, 766.4726775956284)",1098
27,"(855.3122437024019, 774.7158758055067)",1707
28,"(702.3353557639272, 802.0711527854385)",1813
29,"(127.17233294255568, 838.8804220398594)",853
30,"(769.7576419213974, 883.028384279476)",916
31,"(465.5321773924642, 890.6302100700234)",2999
32,"(842.5268292682927, 905.3886178861788)",615
33,"(75.41527446300717, 910.8591885441527)",838
34,"(643.9662100456621, 929.9278538812786)",1095
35,"(732.0139240506329, 966.5544303797468)",790
36,"(22.756410256410255, 979.7649572649573)",1404
37,"(860.7910685805423, 998.2551834130782)",627
38,"(291.85121107266434, 989.9896193771626)",289
39,"(745.6, 1021.6)",45
1,"(56.76288659793814, 31.03930412371134)",1552
2,"(143.06955530216646, 65.67996959331053)",2631
3,"(219.23650637880274, 148.96925089957475)",3057
4,"(10.015970515970515, 149.8931203931204)",814
5,"(89.5050505050505, 149.43709825528006)",2178
6,"(681.7769953051643, 298.74002347417843)",1704
7,"(177.96425379803395, 321.7524575513852)",1119
8,"(230.6491646778043, 355.4630071599045)",838
9,"(119.75387596899225, 408.3401162790698)",1032
10,"(189.4927905004241, 430.7370653095844)",1179
11,"(582.0519736842106, 442.0815789473684)",1520
12,"(388.1767100977199, 446.578990228013)",1228
13,"(468.2725020644096, 451.28901734104045)",1211
14,"(63.626175548589345, 466.34561128526644)",1276
15,"(570.1642857142857, 506.78214285714284)",1680
16,"(455.4324772162386, 503.92377796188896)",1207
17,"(495.13946731234864, 598.7462469733656)",2065
18,"(791.1618122977346, 593.2362459546925)",618
19,"(737.1476793248945, 609.8122362869199)",948
20,"(592.310606060606, 616.5294612794613)",1188
21,"(66.83530571992111, 635.2218934911242)",1014
22,"(675.9496402877697, 703.841726618705)",139
23,"(764.7274325908558, 727.6359906213364)",1706
24,"(99.37554585152839, 736.4596069868995)",916
25,"(199.33516483516485, 766.0760073260074)",1092
26,"(858.6611661166116, 775.974697469747)",1818
27,"(708.0486849468383, 801.1203133743704)",1787
28,"(129.38683602771363, 837.9884526558891)",866
29,"(769.1215909090909, 881.3568181818182)",880
30,"(466.692, 890.9916666666667)",3000
31,"(842.3823953823954, 902.4862914862915)",693
32,"(73.18779342723005, 909.7546948356808)",852
33,"(642.775974025974, 928.75)",1232
34,"(733.8204134366925, 966.7519379844962)",774
35,"(22.078212290502794, 978.8477653631285)",1432
36,"(291.8412371134021, 991.1505154639175)",485
37,"(865.7629310344828, 1004.058908045977)",696
38,"(746.4, 1021.6)",45
1,"(55.89358974358974, 29.638461538461538)",1560
2,"(142.81190747061055, 67.7364429275692)",2637
3,"(218.28375668449198, 149.75467914438502)",2992
4,"(9.802890932982917, 151.86202365308804)",761
5,"(89.32042910447761, 151.50746268656715)",2144
6,"(642.3985695708712, 294.9492847854356)",1538
7,"(176.9319606087735, 322.455684870188)",1117
8,"(229.52807646356032, 357.03345280764637)",837
9,"(118.98631476050831, 410.396871945259)",1023
10,"(189.03184165232358, 430.86230636833045)",1162
11,"(584.3759689922481, 441.7984496124031)",1548
12,"(387.22049956933677, 448.01808785529715)",1161
13,"(466.96826688364524, 451.0740439381611)",1229
14,"(63.675824175824175, 468.2464678178964)",1274
15,"(455.84388185654007, 503.0590717299578)",1185
16,"(569.5203506574828, 510.06887914840325)",1597
17,"(495.4341123818995, 600.8184982595724)",2011
18,"(791.06239460371, 595.2596964586846)",593
19,"(592.0374064837905, 617.8886118038238)",1203
20,"(737.2195676905575, 612.9920364050057)",879
21,"(67.59613428280772, 636.7314343845371)",983
22,"(1021.3090909090909, 670.9636363636364)",55
23,"(674.3818181818182, 704.6545454545454)",165
24,"(537.5, 702.5)",36
25,"(763.972760290557, 729.0581113801453)",1652
26,"(98.48952590959206, 738.0507166482911)",907
27,"(198.87873303167422, 765.5737556561086)",1105
28,"(858.7317695053545, 771.0423253442121)",1961
29,"(704.7668364459536, 802.6179966044143)",1767
30,"(133.64294049008168, 838.6452742123687)",857
31,"(773.3196930946292, 875.6317135549872)",782
32,"(467.0365686944634, 891.0618591934382)",2926
33,"(842.4274193548387, 900.1680107526881)",744
34,"(69.86813186813187, 908.021978021978)",819
35,"(619.4764079147641, 955.2648401826484)",657
36,"(736.0037735849056, 967.6138364779874)",795
37,"(21.306851311953352, 980.1574344023323)",1372
38,"(287.2326139088729, 991.8081534772182)",417
39,"(865.6450662739322, 1007.2459499263623)",679
40,"(746.0, 1022.0)",27
1,"(55.378714581893576, 27.971665514858326)",1447
2,"(141.81377744133232, 68.5772142316427)",2642
3,"(218.2608695652174, 149.66330434782608)",2875
4,"(10.386034255599473, 152.8300395256917)",759
5,"(88.15391969407266, 151.42925430210326)",2092
6,"(630.5770750988142, 295.11801242236027)",1771
7,"(177.31801801801802, 322.6171171171171)",1110
8,"(229.6359223300971, 357.69174757281553)",824
9,"(118.01272015655577, 410.5929549902153)",1022
10,"(188.32859531772576, 432.49414715719064)",1196
11,"(586.5246433203631, 440.6815823605707)",1542
12,"(386.4723441615452, 448.73485513608426)",1139
13,"(466.5261382799325, 451.13827993254637)",1186
14,"(62.26148969889065, 467.10855784469095)",1262
15,"(459.3987511150758, 502.2194469223907)",1121
16,"(569.141131595677, 511.25492689129055)",1573
17,"(495.87638668779715, 600.8906497622821)",1893
18,"(790.8679549114331, 594.7713365539453)",621
19,"(592.6365935919056, 616.8018549747048)",1186
20,"(739.206650831354, 615.1947743467933)",842
21,"(70.82944915254237, 639.9851694915254)",944
22,"(1022.0, 676.5)",24
23,"(673.1884057971015, 704.0434782608696)",138
24,"(536.5, 702.0)",30
25,"(764.5870927318296, 728.4323308270676)",1596
26,"(95.76717112922002, 738.6949941792782)",859
27,"(200.63311382878646, 765.1392285983067)",1063
28,"(858.9589632829374, 766.9287257019438)",1852
29,"(700.9024390243902, 802.5672149744753)",1763
30,"(137.8213457076566, 837.8387470997679)",862
31,"(772.6977611940298, 876.5957711442786)",804
32,"(467.1582323592302, 890.4896650035638)",2806
33,"(839.9782923299566, 900.3690303907381)",691
34,"(68.99248120300751, 907.8258145363409)",798
35,"(613.2954990215264, 960.2240704500979)",1022
36,"(736.340506329114, 967.5354430379747)",790
37,"(20.236453201970445, 979.63406052076)",1421
38,"(859.855421686747, 1007.8509036144578)",664
39,"(289.95652173913044, 995.0652173913044)",46
1,"(56.687808315715294, 25.61663143058492)",1419
2,"(142.51105079488173, 67.59829391236913)",2579
3,"(218.58564321250887, 147.9399431414357)",2814
4,"(10.947837150127226, 151.57124681933843)",786
5,"(87.8798430603237, 149.06473761647865)",2039
6,"(628.7530732228755, 289.76803848209516)",1871
7,"(176.73193046660566, 321.9981701738335)",1093
8,"(230.96518607442977, 357.22208883553424)",833
9,"(117.51550387596899, 410.5406976744186)",1032
10,"(188.62854757929884, 431.3338898163606)",1198
11,"(589.7160178685386, 437.6260370134014)",1567
12,"(385.8602811950791, 448.8479789103691)",1138
13,"(463.2189292543021, 449.1940726577438)",1046
14,"(61.91893998441154, 468.1839438815277)",1283
15,"(497.0, 454.0)",25
16,"(461.76584507042253, 500.6267605633803)",1136
17,"(569.445022771633, 511.56473649967467)",1537
18,"(496.79692645444567, 598.5455543358946)",1822
19,"(790.8685064935065, 593.375)",616
20,"(592.9152404237979, 613.9348003259984)",1227
21,"(739.9380022962113, 615.231917336395)",871
22,"(72.96312364425162, 642.4305856832972)",922
23,"(671.4959349593496, 702.3983739837398)",123
24,"(764.8979717271051, 727.2851874615858)",1627
25,"(95.78478002378121, 736.8525564803805)",841
26,"(203.04307974335472, 763.186067827681)",1091
27,"(858.6374108612177, 768.3976961053208)",1823
28,"(700.0218642117376, 801.807249712313)",1738
29,"(140.76736111111111, 836.7905092592592)",864
30,"(773.0602883355177, 873.6356487549148)",763
31,"(467.5423670668954, 889.5283018867924)",2915
32,"(835.5530726256983, 899.254189944134)",716
33,"(67.99017199017199, 908.2886977886977)",814
34,"(616.2252873563218, 950.4819923371648)",1305
35,"(20.401087695445277, 977.5703602991163)",1471
36,"(735.3081155433288, 967.6574965612105)",727
37,"(854.2442067736185, 1009.0196078431372)",561
1,"(58.01292175161522, 26.175879396984925)",1393
2,"(143.55083459787556, 67.7701062215478)",2636
3,"(219.23495906016376, 147.88608045567818)",2809
4,"(11.752740560292326, 151.88915956151035)",821
5,"(89.54748603351955, 149.77856780091417)",1969
6,"(633.4449564772145, 276.9231950844854)",1953
7,"(174.9266304347826, 323.54619565217394)",1104
8,"(232.0909090909091, 358.67178276269186)",847
9,"(116.75915221579962, 413.2928709055877)",1038
10,"(190.49825174825176, 432.3557692307692)",1144
11,"(595.0333745364647, 434.19901112484547)",1618
12,"(383.40658362989325, 451.3202846975089)",1124
13,"(466.40688437775816, 451.8393645189762)",1133
14,"(59.62395754359363, 469.05155420773315)",1319
15,"(462.3875765529309, 501.40682414698165)",1143
16,"(570.1491961414791, 513.0180064308681)",1555
17,"(1.0, 519.0)",33
18,"(498.61737218251784, 600.6008796041781)",1819
19,"(789.9373996789727, 592.7271268057785)",623
20,"(592.214915797915, 614.3977546110666)",1247
21,"(738.9915164369035, 616.0286320254506)",943
22,"(75.96599362380447, 648.0712008501594)",941
23,"(673.11875, 702.86875)",160
24,"(765.5222088835534, 729.1188475390156)",1666
25,"(94.94566473988439, 736.8046242774567)",865
26,"(204.704932735426, 764.0349775784754)",1115
27,"(857.3376690946931, 768.6415192507804)",1922
28,"(702.3321779318313, 802.4344309647603)",1731
29,"(143.42038946162657, 839.1340206185567)",873
30,"(768.5515021459228, 878.6781115879828)",932
31,"(468.85464155929964, 890.8404360753221)",3027
32,"(838.963224893918, 901.1909476661951)",707
33,"(67.17076167076166, 908.8673218673218)",814
34,"(621.8730450781969, 943.7157313707452)",1087
35,"(20.175380542686963, 977.2600926538717)",1511
36,"(728.750346740638, 967.3509015256589)",721
37,"(297.0, 996.0)",25
38,"(856.6748582230624, 1011.0661625708884)",529
1,"(59.084981684981685, 24.90989010989011)",1365
2,"(143.45784081954295, 67.60756501182033)",2538
3,"(218.02443754848719, 144.66873545384018)",2578
4,"(12.61397479954181, 149.57846506300115)",873
5,"(90.15264293419634, 147.88942826321468)",1854
6,"(637.8327037236913, 262.2547220723152)",1853
7,"(174.80128794848207, 322.92916283348666)",1087
8,"(232.62145499383476, 357.16646115906286)",811
9,"(115.96361848574237, 413.0835791543756)",1017
10,"(596.6130592503023, 431.3240628778718)",1654
11,"(192.0555050045496, 431.44676979071886)",1099
12,"(382.4899635036496, 450.5903284671533)",1096
13,"(466.0832562442183, 449.91211840888064)",1081
14,"(58.629457364341086, 467.6674418604651)",1290
15,"(461.79264844486335, 500.48444863336476)",1061
16,"(569.7676056338029, 510.3098591549296)",1420
17,"(1.0, 517.0)",39
18,"(495.39334341906203, 575.428139183056)",661
19,"(788.4041204437401, 590.2995245641838)",631
20,"(593.0619088564058, 612.097162510748)",1163
21,"(745.7685534591195, 606.5358490566038)",795
22,"(502.71835443037975, 618.0221518987341)",948
23,"(77.18107833163785, 648.2634791454731)",983
24,"(673.0802469135803, 700.9382716049382)",162
25,"(765.9525015832805, 728.5269157694744)",1579
26,"(93.85, 735.8846153846154)",780
27,"(854.1283280085197, 764.108626198083)",1878
28,"(206.20705244122965, 762.370705244123)",1106
29,"(703.8053316800992, 800.6286422814632)",1613
30,"(145.91084337349398, 839.1915662650603)",830
31,"(767.822247706422, 877.5883027522935)",872
32,"(470.22570640937283, 889.4975878704341)",2902
33,"(842.9909502262443, 900.6289592760181)",663
34,"(67.47201017811705, 906.9681933842239)",786
35,"(626.3315118397086, 938.8087431693989)",1098
36,"(19.997968855788763, 975.2220717670955)",1477
37,"(727.7701149425287, 966.9392446633826)",609
38,"(289.5, 995.5)",36
39,"(861.3278350515463, 1012.9876288659793)",485
1,"(60.04748201438849, 25.0431654676259)",1390
2,"(144.9182087342709, 68.83049592894153)",2702
3,"(217.59338521400778, 145.32217898832684)",2570
4,"(12.78587962962963, 150.3101851851852)",864
5,"(90.38932089165371, 149.37065837221357)",1929
6,"(640.6748166259168, 251.6479217603912)",2045
7,"(175.09575429087624, 325.55103884372176)",1107
8,"(232.1323706377858, 357.74007220216606)",831
9,"(115.43907156673114, 414.0531914893617)",1034
10,"(600.7534324942792, 431.0446224256293)",1748
11,"(192.8883116883117, 433.20346320346323)",1155
12,"(462.11715481171547, 448.63284518828453)",956
13,"(381.3796548592189, 451.97366030881017)",1101
14,"(57.8109146810146, 469.5426594926979)",1301
15,"(493.55555555555554, 468.3333333333333)",45
16,"(460.63603275705185, 501.0646041856233)",1099
17,"(568.47265625, 508.4427083333333)",1536
18,"(2.1012658227848102, 520.0)",79
19,"(494.87673130193906, 574.8060941828255)",722
20,"(788.2468944099379, 590.8773291925465)",644
21,"(594.39177852349, 612.3322147651006)",1192
22,"(750.0572625698323, 599.3784916201117)",716
23,"(505.1217750257998, 620.0866873065015)",969
24,"(78.03626943005182, 650.419689119171)",965
25,"(671.9090909090909, 704.0430622009569)",209
26,"(766.2048549437537, 730.2137359384251)",1689
27,"(94.80917874396135, 735.4589371980676)",828
28,"(852.0767250257467, 761.5962924819773)",1942
29,"(207.1408573928259, 763.3805774278215)",1143
30,"(704.2324068598463, 801.893554109994)",1691
31,"(146.97780373831776, 840.2266355140187)",856
32,"(771.5188284518829, 873.9926778242677)",956
33,"(472.11506205971153, 891.6222744045622)",2981
34,"(845.4906204906205, 902.5916305916306)",693
35,"(68.59600997506234, 907.5049875311721)",802
36,"(629.03808680248, 939.1381753764393)",1129
37,"(20.229529335912314, 976.4480980012895)",1551
38,"(730.3301204819277, 969.722891566265)",830
39,"(861.1144708423326, 1013.1879049676025)",463
1,"(62.925714285714285, 23.407857142857143)",1400
2,"(145.21870554765292, 67.48541963015647)",2812
3,"(217.79702776691434, 143.48572545952288)",2557
4,"(12.831868131868132, 148.26703296703297)",910
5,"(89.84481878509443, 147.61357835630423)",1959
6,"(639.89375, 222.3715909090909)",1760
7,"(176.05417406749555, 326.16873889875666)",1126
8,"(233.1770956316411, 356.07556080283354)",847
9,"(115.22770398481974, 412.8320683111954)",1054
10,"(604.9184665226782, 430.64686825053997)",1852
11,"(193.49799518845228, 432.22373696872495)",1247
12,"(468.6812447434819, 449.8839360807401)",1189
13,"(380.94459582198004, 451.32515894641233)",1101
14,"(57.39879608728367, 471.10684725357413)",1329
15,"(565.5389294403893, 506.05535279805355)",1644
16,"(463.36297640653356, 502.8003629764065)",1102
17,"(2.2482758620689656, 519.6689655172414)",145
18,"(495.2461964038728, 573.8284923928078)",723
19,"(780.3924977127173, 595.4007319304666)",1093
20,"(725.5540540540541, 594.7792792792793)",666
21,"(595.6224899598394, 611.873092369478)",1245
22,"(508.9692937563971, 620.8884339815762)",977
23,"(83.22088353413655, 651.6586345381526)",996
24,"(672.2796208530806, 703.8199052132701)",211
25,"(765.9298561151079, 728.6019184652279)",1668
26,"(97.48617511520737, 732.5380184331797)",868
27,"(852.8264503441494, 759.4346116027532)",2034
28,"(207.86952789699572, 762.5596566523606)",1165
29,"(704.2657342657343, 802.2768065268066)",1716
30,"(148.68351648351648, 837.7758241758241)",910
31,"(771.2299306243806, 875.5649157581764)",1009
32,"(472.71561626823967, 891.1040049674015)",3221
33,"(848.4044630404463, 903.5732217573221)",717
34,"(72.65824308062575, 906.23706377858)",831
35,"(645.2394160583941, 933.2160583941605)",685
36,"(612.0831408775981, 949.9076212471132)",433
37,"(23.145764937623113, 974.3282994090611)",1523
38,"(733.7267441860465, 969.6732558139535)",860
39,"(862.6582809224319, 1012.8679245283018)",477
1,"(64.0909090909091, 21.62727272727273)",1320
2,"(143.481245576787, 67.78591648973814)",2826
3,"(217.13328106624854, 144.03998431987455)",2551
4,"(13.527272727272727, 148.23957219251338)",935
5,"(88.00814176245211, 148.1264367816092)",2088
6,"(618.7599078341013, 210.24377880184332)",2170
7,"(175.05364995602463, 326.1407211961302)",1137
8,"(233.72479240806643, 355.7627520759193)",843
9,"(114.50769230769231, 412.5201923076923)",1040
10,"(607.7245604688333, 432.3180607352158)",1877
11,"(191.50904799370574, 431.43036978756885)",1271
12,"(466.12579762989975, 448.3573381950775)",1097
13,"(380.306868867083, 453.46476360392506)",1121
14,"(54.45383411580595, 470.4569640062598)",1278
15,"(495.0, 468.0)",35
16,"(563.1207932692307, 504.0847355769231)",1664
17,"(469.3151219512195, 504.52780487804876)",1025
18,"(2.7743589743589743, 524.4820512820513)",195
19,"(493.05686546463244, 572.004160887656)",721
20,"(787.5221674876848, 587.8768472906404)",609
21,"(595.7251370399374, 610.5317149569303)",1277
22,"(731.9545454545455, 605.7045454545455)",132
23,"(761.8174097664544, 616.6900212314225)",471
24,"(510.8063492063492, 622.6074074074074)",945
25,"(88.31084776663629, 653.5788514129443)",1097
26,"(1022.0, 684.5)",30
27,"(673.0588235294117, 703.2016806722689)",119
28,"(764.9670394349617, 728.1542083578576)",1699
29,"(98.24660633484163, 731.7861990950227)",884
30,"(855.6128230616303, 761.5899602385686)",2012
31,"(206.4785123966942, 762.3553719008264)",1210
32,"(702.9137276180141, 803.8893109061313)",1843
33,"(148.98814655172413, 836.8135775862069)",928
34,"(771.1497227356747, 871.8123844731978)",1082
35,"(473.087158808933, 892.2261166253102)",3224
36,"(210.0, 882.0)",25
37,"(849.2956989247311, 905.108870967742)",744
38,"(74.58998808104887, 904.6150178784267)",839
39,"(653.3604651162791, 936.2950581395348)",688
40,"(612.1688888888889, 950.72)",450
41,"(24.879856115107913, 976.9)",1390
42,"(738.6837988826816, 970.9754189944134)",895
43,"(861.6541666666667, 1012.7041666666667)",480
1,"(66.95887096774193, 20.175)",1240
2,"(144.44460028050491, 66.26437587657784)",2852
3,"(216.51409017713365, 143.22544283413848)",2484
4,"(13.259935553168637, 146.0)",931
5,"(88.6289614822038, 149.35982447586542)",2051
6,"(609.64459049545, 203.09605662285136)",1978
7,"(174.08246527777777, 324.57465277777777)",1152
8,"(234.15303738317758, 356.8411214953271)",856
9,"(114.296786389414, 412.5302457466919)",1058
10,"(610.479347826087, 433.30597826086955)",1840
11,"(191.66229508196722, 432.57295081967214)",1220
12,"(468.8865721434529, 450.1050875729775)",1199
13,"(381.31358249772103, 453.70373746581583)",1097
14,"(52.60080971659919, 468.9263157894737)",1235
15,"(560.4510423247, 501.5173720783323)",1583
16,"(469.810101010101, 504.520202020202)",990
17,"(490.485549132948, 569.4552023121387)",692
18,"(26.546341463414635, 577.8926829268293)",1025
19,"(786.9438943894389, 585.3894389438943)",606
20,"(595.8803149606299, 608.4937007874016)",1270
21,"(730.7331081081081, 611.1925675675676)",296
22,"(511.3289760348584, 621.5283224400871)",918
23,"(755.7803921568627, 625.1882352941177)",255
24,"(91.41768579492003, 653.0940733772343)",1063
25,"(1020.9655172413793, 681.7701149425287)",87
26,"(673.9453125, 703.140625)",128
27,"(765.331778425656, 727.4256559766764)",1715
28,"(98.15517241379311, 731.9264367816091)",870
29,"(857.9593253968254, 762.3635912698413)",2016
30,"(207.23645320197045, 762.1535303776683)",1218
31,"(702.5145348837209, 802.7023255813954)",1720
32,"(148.98781838316722, 836.3709856035438)",903
33,"(771.2320596458527, 866.1901211556384)",1073
34,"(473.39794967381175, 891.493010251631)",3219
35,"(210.42857142857142, 879.5714285714286)",35
36,"(77.60265700483092, 900.1437198067633)",828
37,"(850.3725761772853, 904.8808864265928)",722
38,"(663.5289982425307, 936.4323374340948)",569
39,"(612.2098501070664, 948.8543897216274)",467
40,"(26.314564564564563, 975.7027027027027)",1332
41,"(737.3480725623583, 971.5589569160998)",882
42,"(859.9774774774775, 1013.5675675675676)",444
1,"(70.34939759036145, 18.94750430292599)",1162
2,"(145.47235444891982, 66.52911021603808)",2731
3,"(215.18513257575756, 143.70833333333334)",2112
4,"(14.093509350935093, 147.12651265126513)",909
5,"(88.84890549919915, 151.92952482648158)",1873
6,"(594.2545260915867, 197.03940362087326)",1878
7,"(174.587967183227, 323.0948040109389)",1097
8,"(234.20468557336622, 358.56103575832304)",811
9,"(113.98217821782178, 413.56435643564356)",1010
10,"(613.2480386240193, 434.7483403741702)",1657
11,"(193.37927844588344, 434.3903792784459)",1081
12,"(464.72808988764046, 448.27752808988765)",890
13,"(382.91037260825783, 456.0956696878147)",993
14,"(51.383846794338055, 470.729392173189)",1201
15,"(558.504854368932, 501.0339805825243)",1442
16,"(471.27367205542726, 503.9145496535797)",866
17,"(491.51084812623276, 569.396449704142)",507
18,"(786.2906793048974, 584.257503949447)",633
19,"(56.0, 587.9959016393443)",488
20,"(596.875106202209, 608.8895497026338)",1177
21,"(729.5693641618498, 611.9306358381502)",346
22,"(510.4907063197026, 622.2688971499381)",807
23,"(756.8299319727892, 629.1156462585034)",294
24,"(95.83720930232558, 658.0949612403101)",1032
25,"(1020.92, 680.38)",100
26,"(674.0731707317074, 705.2032520325204)",123
27,"(766.7808483290488, 730.9691516709512)",1556
28,"(98.63337547408344, 732.2073324905183)",791
29,"(861.2058061171591, 764.5603939865215)",1929
30,"(210.45884413309983, 762.7915936952714)",1142
31,"(705.200625, 803.6425)",1600
32,"(149.03473945409428, 836.3920595533499)",806
33,"(770.7620817843866, 866.2862453531599)",807
34,"(472.36130913804277, 893.5184705119897)",3086
35,"(79.46153846153847, 896.203026481715)",793
36,"(851.8636363636364, 904.1607142857143)",616
37,"(677.7682291666666, 934.2604166666666)",384
38,"(611.5561497326203, 952.427807486631)",374
39,"(28.678661087866107, 976.3539748953975)",1195
40,"(735.1042584434655, 972.4772393538914)",681
41,"(855.945054945055, 1016.7289377289377)",273
1,"(71.4092219020173, 16.20268972142171)",1041
2,"(1.0, 21.5)",18
3,"(146.27822286962856, 67.25564457392571)",2746
4,"(217.19764705882352, 142.3350588235294)",2125
5,"(14.89507494646681, 148.28158458244113)",934
6,"(90.04567699836868, 151.2963567156063)",1839
7,"(591.9168356997972, 197.52586206896552)",1972
8,"(175.11514052583863, 322.57116953762466)",1103
9,"(232.86111111111111, 359.25)",828
10,"(112.92892892892893, 412.9229229229229)",999
11,"(613.6836428999401, 433.9982025164769)",1669
12,"(192.85241502683363, 433.9499105545617)",1118
13,"(464.76104190260475, 447.4065685164213)",883
14,"(383.8613963039014, 456.8275154004107)",974
15,"(49.11092577147623, 470.2418682235196)",1199
16,"(558.2557046979866, 498.96778523489934)",1490
17,"(472.7537572254335, 500.46127167630056)",865
18,"(489.744537815126, 567.5394957983193)",595
19,"(55.65638297872341, 600.5212765957447)",940
20,"(785.7071742313324, 590.0043923865301)",683
21,"(597.1793339026473, 609.6874466268147)",1171
22,"(729.4580152671756, 613.5623409669212)",393
23,"(509.4474358974359, 623.7141025641025)",780
24,"(754.8819875776397, 632.9875776397515)",322
25,"(94.50504201680673, 660.0168067226891)",1190
26,"(1020.6573426573426, 677.4825174825174)",143
27,"(673.9685039370079, 704.8188976377953)",127
28,"(767.9648600357356, 737.1923764145324)",1679
29,"(99.82390745501286, 732.6966580976864)",778
30,"(857.7334384858044, 763.4942166140904)",1902
31,"(199.3515406162465, 793.2878151260504)",1428
32,"(706.3632911392405, 800.8227848101266)",1580
33,"(149.51381909547737, 835.5979899497487)",796
34,"(773.9032697547684, 861.216621253406)",734
35,"(471.4731078904992, 894.3330112721417)",3105
36,"(81.48651960784314, 892.8210784313726)",816
37,"(853.3333333333334, 902.1895734597157)",633
38,"(682.8845360824743, 926.9381443298969)",485
39,"(610.1129411764706, 951.7270588235294)",425
40,"(29.133877551020408, 976.3444897959183)",1225
41,"(738.2214580467676, 971.4154057771665)",727
42,"(854.1570680628272, 1018.7486910994764)",191
1,"(73.14543630892678, 14.408224674022065)",997
2,"(1.7142857142857142, 18.5)",42
3,"(145.7247326664367, 67.26215936529837)",2899
4,"(217.58465728551974, 141.32546527462551)",2203
5,"(15.644398766700926, 148.22096608427543)",973
6,"(91.22752953261428, 150.59527478171546)",1947
7,"(592.0506741050674, 202.20176662017667)",2151
8,"(174.286731967943, 323.61353517364205)",1123
9,"(232.85868263473054, 357.38922155688624)",835
10,"(113.29863813229572, 412.3968871595331)",1028
11,"(614.8294434470376, 432.5637342908438)",1671
12,"(191.84318766066838, 433.07797772065123)",1167
13,"(464.77742616033754, 447.6276371308017)",948
14,"(383.23464249748235, 454.8539778449144)",993
15,"(46.46601941747573, 471.1343042071197)",1236
16,"(557.5263157894736, 497.9653401797176)",1558
17,"(475.3337004405286, 500.0726872246696)",908
18,"(490.97118644067797, 567.5135593220339)",590
19,"(773.9968051118211, 588.761980830671)",626
20,"(50.76903973509934, 605.9122516556291)",1208
21,"(596.0107973421927, 610.5074750830565)",1204
22,"(728.2124711316397, 611.6789838337182)",433
23,"(510.6497175141243, 623.8644067796611)",885
24,"(753.4540059347181, 633.6498516320474)",337
25,"(1018.1291208791209, 673.1813186813187)",364
26,"(84.86351351351351, 687.7216216216216)",740
27,"(674.4362416107383, 704.5637583892617)",149
28,"(766.9019963702359, 732.1990320629159)",1653
29,"(101.88657105606258, 734.6114732724902)",767
30,"(855.7483552631579, 764.7757675438596)",1824
31,"(705.0361228175798, 801.7441300421433)",1661
32,"(198.00559552358112, 799.4620303756994)",1251
33,"(148.97337962962962, 832.480324074074)",864
34,"(775.082175925926, 856.2858796296297)",864
35,"(471.43239987955434, 894.3577235772358)",3321
36,"(83.12865497076024, 890.2304093567251)",855
37,"(211.0, 881.0)",25
38,"(854.2755102040817, 901.5160349854227)",686
39,"(681.4172661870504, 923.6564748201439)",556
40,"(607.0824524312897, 950.0021141649048)",473
41,"(30.807114624505928, 975.9438735177865)",1265
42,"(742.6131479140329, 970.6687737041719)",791
43,"(850.535593220339, 1016.5559322033898)",295
1,"(75.67994505494505, 11.614010989010989)",728
2,"(3.0617283950617282, 20.987654320987655)",81
3,"(145.53393351800554, 66.87915512465374)",2888
4,"(215.959902200489, 139.5643031784841)",2045
5,"(15.410844629822732, 147.563086548488)",959
6,"(90.33096446700507, 149.205076142132)",1970
7,"(591.759587020649, 207.84464110127826)",2034
8,"(173.3958891867739, 323.26899016979445)",1119
9,"(232.83668639053255, 357.16449704142013)",845
10,"(113.1924927815207, 411.3330125120308)",1039
11,"(617.4885630498534, 430.39765395894426)",1705
12,"(191.3160577740017, 431.750212404418)",1177
13,"(465.6185567010309, 448.04432989690724)",970
14,"(383.24875124875126, 453.45754245754244)",1001
15,"(43.25540432345877, 471.4139311449159)",1249
16,"(556.8733459357278, 496.78890989287964)",1587
17,"(478.62389380530976, 497.76659292035396)",904
18,"(492.3811965811966, 567.0290598290599)",585
19,"(759.4177215189874, 567.1930379746835)",316
20,"(40.56, 601.5848648648648)",925
21,"(596.0414551607445, 608.9813874788495)",1182
22,"(786.0224089635855, 594.4677871148459)",357
23,"(724.9264367816091, 610.751724137931)",435
24,"(511.19607843137254, 622.8581314878893)",867
25,"(752.9378378378378, 632.8108108108108)",370
26,"(1015.7976366322009, 667.9586410635155)",677
27,"(80.11016949152543, 691.2415254237288)",944
28,"(768.2432610124918, 717.1354372123603)",1521
29,"(673.1698113207547, 704.4905660377359)",106
30,"(100.02102496714849, 733.73061760841)",761
31,"(856.375796178344, 763.6844683978442)",2041
32,"(702.0114045618247, 801.3667466986794)",1666
33,"(197.26954921803127, 803.4857405703772)",1087
34,"(146.784, 831.5314285714286)",875
35,"(773.4460141271443, 856.0151362260343)",991
36,"(470.80463182897864, 893.9465558194775)",3368
37,"(85.10894495412845, 887.5905963302753)",872
38,"(855.1446629213483, 900.4817415730337)",712
39,"(680.051993067591, 922.6100519930676)",577
40,"(608.1323828920571, 948.6476578411406)",491
41,"(31.367851622874806, 975.5741885625966)",1294
42,"(742.1407942238267, 971.1131167268352)",831
43,"(851.9877450980392, 1014.3235294117648)",408
1,"(78.45718232044199, 12.970994475138122)",724
2,"(2.2142857142857144, 23.553571428571427)",56
3,"(143.81301939058173, 67.59141274238227)",2888
4,"(210.40978593272172, 140.59388379204893)",1635
5,"(14.51335656213705, 148.40185830429732)",861
6,"(89.2845615922539, 150.3362022592792)",1859
7,"(587.8420047732697, 218.10453460620525)",2095
8,"(170.58834244080145, 324.3014571948998)",1098
9,"(233.26412776412778, 357.9017199017199)",814
10,"(111.94565217391305, 412.9130434782609)",1012
11,"(616.23276904474, 428.53808948004837)",1654
12,"(191.3, 432.7157894736842)",1140
13,"(463.9275653923541, 450.30382293762574)",994
14,"(380.5502702702703, 453.70054054054054)",925
15,"(39.447168216398985, 477.74218089602704)",1183
16,"(554.6877607788596, 497.39777468706535)",1438
17,"(480.39593301435406, 498.7799043062201)",836
18,"(492.2117202268431, 567.7315689981097)",529
19,"(769.0149253731344, 571.8159203980099)",201
20,"(25.105263157894736, 583.6)",95
21,"(594.0435897435898, 608.4059829059829)",1170
22,"(726.3201856148492, 608.4733178654292)",431
23,"(782.0, 596.0)",25
24,"(52.226579520697165, 618.0152505446623)",459
25,"(508.27096774193546, 622.8709677419355)",775
26,"(753.5333333333333, 631.5472222222222)",360
27,"(1013.9009324009324, 664.5664335664336)",858
28,"(89.0218878248974, 681.1381668946649)",731
29,"(776.4689745264533, 708.3755715218812)",1531
30,"(671.9318181818181, 705.9659090909091)",88
31,"(101.33860342555995, 738.4255599472991)",759
32,"(857.319842053307, 763.8573543928924)",2026
33,"(701.4808777429467, 803.6495297805643)",1595
34,"(193.71256281407034, 808.1798994974874)",995
35,"(143.61153846153846, 832.9589743589744)",780
36,"(770.9709497206704, 860.2804469273743)",895
37,"(84.29976019184652, 887.6247002398081)",834
38,"(468.03466583385386, 895.5065584009993)",3202
39,"(853.7853881278539, 901.1643835616438)",657
40,"(678.2948275862069, 924.403448275862)",580
41,"(606.5650224215246, 948.9394618834081)",446
42,"(30.901771336553946, 976.3832528180354)",1242
43,"(737.5173745173745, 972.1325611325611)",777
44,"(854.2551546391752, 1014.4896907216495)",388
1,"(76.80714285714286, 12.61)",700
2,"(3.5596330275229358, 23.623853211009173)",109
3,"(142.85693641618496, 66.03251445086705)",2768
4,"(210.3483535528596, 136.67533217793184)",1731
5,"(14.555307262569832, 145.66703910614524)",895
6,"(87.79955580233204, 149.15880066629651)",1801
7,"(576.6591173054587, 240.3391405342625)",1722
8,"(169.74127126230977, 322.44315129812)",1117
9,"(232.5721393034826, 356.4042288557214)",804
10,"(110.983, 412.435)",1000
11,"(617.127962085308, 425.68483412322274)",1688
12,"(190.39099099099099, 431.7018018018018)",1110
13,"(462.64082969432314, 450.2980349344978)",916
14,"(379.2423245614035, 452.922149122807)",912
15,"(35.4412017167382, 477.73562231759655)",1165
16,"(553.8999274836839, 493.91805656272663)",1379
17,"(482.54994511525797, 501.2854006586169)",911
18,"(492.3545081967213, 566.1823770491803)",488
19,"(769.1315789473684, 569.7138157894736)",304
20,"(789.314447592068, 586.900849858357)",353
21,"(23.258426966292134, 579.2022471910112)",89
22,"(593.7409012131716, 608.7157712305026)",1154
23,"(725.5092165898618, 608.5921658986175)",434
24,"(55.04081632653061, 618.281179138322)",441
25,"(506.60182370820667, 619.5303951367781)",658
26,"(754.8677685950413, 627.7107438016529)",363
27,"(1012.160696999032, 659.3281703775411)",1033
28,"(93.64717542120911, 666.4965312190287)",1009
29,"(769.16254180602, 721.2876254180602)",1495
30,"(671.6428571428571, 704.0918367346939)",98
31,"(101.2961956521739, 736.375)",736
32,"(858.1294779938587, 759.0655066530195)",1954
33,"(701.7345911949685, 799.5201257861635)",1590
34,"(197.87693127330846, 804.226957911561)",1877
35,"(140.6413881748072, 828.0102827763496)",778
36,"(772.3314669652856, 857.1769316909295)",893
37,"(84.1124694376528, 885.3288508557457)",818
38,"(466.3939207859994, 894.7583665950261)",3257
39,"(217.63934426229508, 880.7868852459017)",61
40,"(853.6409861325116, 899.2018489984591)",649
41,"(678.9707724425888, 920.7640918580375)",479
42,"(607.0338164251208, 947.7729468599034)",414
43,"(32.40234702430847, 974.4350377200335)",1193
44,"(734.5652797704448, 969.883787661406)",697
45,"(852.952, 1014.8266666666667)",375
1,"(74.94209702660407, 11.461658841940531)",639
2,"(4.068965517241379, 20.99310344827586)",145
3,"(143.40090718771808, 67.1238660153524)",2866
4,"(210.69669509594883, 137.5181236673774)",1876
5,"(14.789473684210526, 145.2126745435016)",931
6,"(86.92443463872036, 149.2564809707667)",1813
7,"(583.4472190692395, 263.8694665153235)",1762
8,"(170.08904719501336, 322.72840605520923)",1123
9,"(233.60645933014354, 357.50956937799043)",836
10,"(111.3817097415507, 414.09642147117296)",1006
11,"(620.5055008685582, 427.1910828025478)",1727
12,"(191.9130060292851, 433.0275624461671)",1161
13,"(464.7403017241379, 451.4967672413793)",928
14,"(379.4661654135338, 455.76799140708914)",931
15,"(32.943708609271525, 478.92715231788077)",1208
16,"(555.0069444444445, 492.79027777777776)",1440
17,"(485.6990077177508, 504.7464167585446)",907
18,"(491.1115241635688, 565.6022304832713)",538
19,"(782.4617486338798, 583.2568306010929)",732
20,"(23.669014084507044, 577.9014084507043)",142
21,"(593.9415254237288, 612.7177966101694)",1180
22,"(726.2854030501089, 611.4400871459695)",459
23,"(57.71917808219178, 617.4520547945206)",438
24,"(506.8188622754491, 619.6706586826348)",668
25,"(757.4932249322493, 626.8455284552846)",369
26,"(1013.3764478764479, 651.7181467181467)",1036
27,"(99.80647482014389, 659.9187050359712)",1390
28,"(671.7578947368421, 704.4526315789474)",95
29,"(767.2090112640801, 732.7653316645807)",1598
30,"(101.34404283801874, 735.5823293172691)",747
31,"(859.2774841437632, 754.8837209302326)",1892
32,"(185.72391991570075, 786.9936775553214)",949
33,"(224.14772727272728, 793.875)",528
34,"(705.2190812720848, 799.3987043580684)",1698
35,"(139.6977329974811, 824.9836272040302)",794
36,"(774.2332015810276, 856.4120553359684)",1012
37,"(86.51170960187353, 884.2236533957846)",854
38,"(465.0612423447069, 896.4738990959463)",3429
39,"(216.5, 881.5833333333334)",96
40,"(854.4156804733727, 900.4541420118343)",676
41,"(677.4402852049911, 922.9197860962566)",561
42,"(604.3473684210526, 950.0442105263157)",475
43,"(738.3393351800554, 967.623268698061)",722
44,"(33.74445357436319, 975.721446179129)",1217
45,"(855.0326975476839, 1015.3869209809264)",367
1,"(74.35038759689922, 11.7984496124031)",645
2,"(3.185185185185185, 20.0)",108
3,"(143.62405237767058, 66.44417643004824)",2902
4,"(209.37725533078185, 137.07982504100602)",1829
5,"(15.277955271565496, 143.91054313099042)",939
6,"(87.47714135575407, 148.29952706253283)",1903
7,"(594.1395061728396, 295.5740740740741)",1620
8,"(171.50043821209465, 321.0333041191937)",1141
9,"(233.70857814336074, 356.9588719153937)",851
10,"(110.98924731182795, 413.43499511241447)",1023
11,"(622.9321163719338, 425.9349686252139)",1753
12,"(191.72131147540983, 432.8748921484038)",1159
13,"(465.7145790554415, 450.8439425051335)",974
14,"(378.67902542372883, 454.7669491525424)",944
15,"(32.03715670436188, 480.11389337641356)",1238
16,"(557.0309007232084, 488.92439184746877)",1521
17,"(487.4334511189635, 501.2343934040047)",849
18,"(489.54194630872485, 563.6795302013422)",596
19,"(773.046783625731, 572.9912280701755)",342
20,"(23.166666666666668, 577.859649122807)",228
21,"(795.6979166666666, 597.828125)",384
22,"(594.1052631578947, 616.2541118421053)",1216
23,"(726.8691796008869, 609.7472283813747)",451
24,"(56.90744920993228, 618.1354401805869)",443
25,"(509.06694560669456, 618.7001394700139)",717
26,"(760.959349593496, 627.8130081300814)",369
27,"(1012.6344463971881, 643.5421792618629)",1138
28,"(104.34274193548387, 660.4227150537635)",1488
29,"(671.3873873873874, 703.009009009009)",111
30,"(768.5198577356254, 725.3971547125074)",1687
31,"(104.80729166666667, 731.3841145833334)",768
32,"(857.4007633587786, 749.3315158124318)",1834
33,"(187.15681233933162, 775.8971722365038)",778
34,"(223.46732673267326, 781.5188118811881)",505
35,"(704.7611683848797, 801.5681557846507)",1746
36,"(134.26032540675845, 824.5994993742178)",799
37,"(776.7884816753926, 851.3371727748691)",955
38,"(86.88228299643282, 880.6813317479191)",841
39,"(467.33748960931007, 895.8609032973122)",3609
40,"(222.2037037037037, 876.6111111111111)",108
41,"(854.8402282453637, 899.5106990014266)",701
42,"(676.8452950558213, 921.0398724082935)",627
43,"(603.1498973305955, 950.4004106776181)",487
44,"(743.2506738544474, 964.5)",742
45,"(35.19282868525897, 974.4525896414343)",1255
46,"(856.4082125603865, 1014.2874396135265)",414
1,"(74.54140127388536, 11.154458598726114)",628
2,"(4.454545454545454, 20.041958041958043)",143
3,"(144.3927381745503, 66.34810126582279)",3002
4,"(208.2710472279261, 136.48613963039014)",1948
5,"(16.19653767820774, 144.88289205702648)",982
6,"(86.92557442557442, 148.54495504495503)",2002
7,"(599.7713663581927, 312.1115949918345)",1837
8,"(172.5043103448276, 320.3913793103448)",1160
9,"(232.65893271461718, 357.4141531322506)",862
10,"(110.51937984496124, 413.21317829457365)",1032
11,"(623.7665580890337, 425.74104234527687)",1842
12,"(190.56184316895715, 434.09458367016975)",1237
13,"(468.0446168768186, 450.7158098933075)",1031
14,"(379.3176470588235, 455.4166666666667)",1020
15,"(32.814872192099145, 480.5034856700232)",1291
16,"(559.0789149198521, 486.3119605425401)",1622
17,"(488.3997722095672, 501.6719817767654)",878
18,"(487.3864598025388, 562.8448519040903)",709
19,"(771.1899441340782, 571.0083798882681)",358
20,"(25.99099099099099, 579.2072072072073)",333
21,"(797.0962962962963, 597.3506172839507)",405
22,"(592.5989096573209, 621.4306853582555)",1284
23,"(727.3844580777096, 609.7157464212679)",489
24,"(56.52400835073069, 618.7578288100209)",479
25,"(511.4983012457531, 620.8697621744054)",883
26,"(1011.0901045856798, 643.35961383749)",1243
27,"(760.0462724935733, 630.3470437017995)",389
28,"(102.47753530166881, 659.7240051347882)",1558
29,"(672.9920634920635, 702.6269841269841)",126
30,"(767.7221911682504, 726.6936836221353)",1789
31,"(946.5, 708.5)",46
32,"(107.510353227771, 726.5858708891595)",821
33,"(863.5964266946926, 744.3079348397267)",1903
34,"(190.08, 767.2218181818182)",825
35,"(225.86471663619744, 770.8976234003657)",547
36,"(700.9396790260099, 803.8234643054786)",1807
37,"(130.28795180722892, 822.4819277108434)",830
38,"(775.8949211908931, 854.237302977233)",1142
39,"(86.94994438264739, 878.1701890989989)",899
40,"(221.26470588235293, 876.3319327731092)",476
41,"(470.58613276001074, 895.3558183284064)",3721
42,"(855.9807692307693, 898.3894230769231)",832
43,"(677.4771428571429, 920.39)",700
44,"(601.5920577617328, 951.6263537906137)",554
45,"(746.6936026936027, 962.368125701459)",891
46,"(35.60105184072126, 974.5995492111194)",1331
47,"(856.8549618320611, 1015.1730279898219)",393
